pan_rad,snr_mean,snr_low,snr_high
-2.7722286239902343,,,
-2.759208467770356,,,
-2.746205764842998,33.888507783922954,32.40918223337584,35.28661192776307
-2.7331856086231197,35.055588041890395,33.97668824512981,36.05842277698739
-2.7201654524032413,36.24390320844037,35.74213293473159,36.70863490468153
-2.7071627494758848,36.99815885854421,36.66301772660484,37.32165246600366
-2.694142593256007,37.24847782581052,37.0298541798351,37.45192086689238
-2.68112243703613,37.41831560804623,37.00184341323225,37.81439046694236
-2.668102280816252,37.332512802560395,37.03852347641966,37.61206016581416
-2.655099577888894,37.76684224908441,37.21644847366821,38.28355696607033
-2.642079421669016,37.77556887763939,37.28598357022118,38.23974600727857
-2.629059265449138,38.20406347922523,37.27562195391178,39.115943342267975
-2.616056562521781,38.03866081923932,37.19044867476957,38.94906534085026
-2.6030364063019027,37.888639794429174,36.745310408096664,39.07004940511291
-2.590016250082026,37.285717134268175,36.12430688043071,38.4740403187918
-2.5769960938621477,36.70631674846218,35.17961324777857,38.197888371711066
-2.56399339093479,36.05678368011596,34.57450962563596,37.50647511440769
-2.550973234714912,35.613421500479596,34.11191414671685,37.095670984073045
-2.537953078495034,35.40146112812184,34.44419930528225,36.34622135117557
-2.524950375567676,35.312597303195844,34.46932003139912,36.25698332819627
-2.5119302193477986,35.5408212966608,35.14010088573452,36.013040526129224
-2.498910063127922,35.33994356191233,34.938271177313176,35.81337020425745
-2.485889906908044,35.75576719153523,35.550268923464614,35.91976098476681
-2.4728872039806857,35.44191000349088,35.0586095960875,35.805883456775454
-2.459867047760808,35.4937727506938,34.96111538564036,36.06033978611056
-2.4468468915409303,35.12322580507082,34.35735424936675,35.94872953842557
-2.433844188613572,35.097924500659104,34.10021293693591,36.14937590595539
-2.420824032393695,34.66508457675356,33.58334895640777,35.75468441284664
-2.407803876173817,34.92426967289369,33.877669099698814,35.91099162121623
-2.39478371995394,35.10826169332298,34.43879190524664,35.72292101453132
-2.3817810170265816,35.517225598759204,34.90810892002634,36.06041809186639
-2.368760860806704,35.48254832909826,34.652047757291534,36.34552776136801
-2.355740704586826,35.64752879399404,34.646675030475855,36.67579325997091
-2.3427380016594683,35.951996975945995,34.79742410775521,37.12708927937253
-2.329717845439591,35.49818386789055,34.68770609156786,36.29869370356314
-2.3166976892197133,35.19398810066412,34.19788231859275,36.22319986585146
-2.303677532999836,34.79306947089125,34.137056433337676,35.50380997400807
-2.290674830072478,35.50650437010075,34.71944019534797,36.30600021256935
-2.2776546738526,35.64717875383932,34.628071987919434,36.668229872790356
-2.264634517632722,36.07402441503575,34.502224082211264,37.70126765404101
-2.251631814705364,35.47019078371367,33.66345487691104,37.4202395384573
-2.2386116584854867,34.466460332011295,32.372787205136035,36.6708596977461
-2.225591502265609,33.308934031872575,30.65384472929991,35.93267421661523
-2.2125713460457312,32.12235453670504,28.746621176956523,35.5063790758026
-2.1995686431183734,31.787241106474337,28.179043155795938,35.260430164869256
-2.186548486898496,30.30255451944377,26.66855179433227,33.49086566897799
-2.1735283306786184,29.47928097188405,26.08636768634214,32.23779750849999
-2.1605256277512606,28.384159036864606,24.795224985765472,31.44610560638128
-2.1475054715313826,28.3767915130319,25.438061514090805,31.214847016125805
-2.134485315311505,28.525185337628443,25.84016372341173,31.354697208524964
-2.1214651590916276,28.316810105173687,26.44260643948968,30.389240996030654
-2.1084624561642693,28.98159083070654,27.5355140057125,30.662054472122648
-2.0954422999443922,29.23026622032482,28.38810412882685,30.264012328149438
-2.0824221437245143,29.56772445745355,29.015447999738466,30.191211526735156
-2.0694194407971565,29.094019227607504,28.036468289392005,29.92209497791369
-2.056399284577279,29.13721111778033,28.0262802967021,29.906807973509803
-2.043379128357401,28.900716147117937,27.988205021147916,29.594544166264573
-2.0303589721375235,29.43389790928191,28.850235777431873,30.007948489372893
-2.0173562692101656,29.51703821193888,28.91257330263727,30.140498649504462
-2.004336112990288,30.33887198077859,29.691124043737528,30.98985246804108
-1.9913159567704102,29.61859610095802,28.827191554382097,30.427811184736026
-1.9783132538430526,29.72619803044235,28.537416928995196,30.909133101002862
-1.9652930976231746,29.31656489651213,27.561123189781853,31.41708079386356
-1.9522729414032973,29.81012132650621,27.962879085948188,31.988436023475845
-1.9392527851834194,29.972019156593102,28.712111370465475,31.560937588042123
-1.9262500822560618,30.20483468419646,28.735990225793174,31.581730469690456
-1.913229926036184,31.06474118108565,29.818314865915784,32.33923305275733
-1.900209769816306,31.11795906450433,29.809583533920243,32.45362400734675
-1.8872070668889487,32.02462159690264,31.121025238072765,32.99607756998734
-1.8741869106690707,31.51014897196554,29.959051020932417,33.17235426536047
-1.8611667544491932,31.414412032010556,29.25676468749046,33.686004674226076
-1.8481465982293155,31.50427312437398,29.50600114538996,33.62467751976468
-1.8351438953019577,31.98825743176364,30.792063272694644,33.183042491182256
-1.8221237390820801,32.613114892405754,31.679223492006887,33.54559719315426
-1.8091035828622022,32.667609626357525,31.22032875277468,34.088025300717966
-1.7961008799348446,33.04853183417919,31.195399356028506,34.81703031192958
-1.7830807237149668,33.05646985647332,31.638087345827774,34.39041289046116
-1.770060567495089,32.980792637436025,31.881167574063785,33.84512068983934
-1.7570404112752116,32.51364447410468,31.586628157738563,33.16151101404457
-1.7440377083478535,31.909333608215253,30.957757297840903,32.58081194472399
-1.7310175521279763,31.3446144303736,30.878401611016443,31.781397283835133
-1.7179973959080983,31.162108570393894,30.55481106286967,31.69663217152477
-1.7049946929807402,30.945694837683643,30.233410030172678,31.534015999704867
-1.691974536760863,31.143385017631243,30.383127495268383,31.692759080705983
-1.678954380540985,30.919415453025177,30.59218578716238,31.115756614964955
-1.6659342243211073,31.08398166333265,30.831009048077913,31.28272095695756
-1.6529315213937499,30.568945888040844,30.301836432518105,30.811308597733753
-1.6399113651738717,30.207768964589075,29.914199124426926,30.629350812961828
-1.6268912089539944,30.03492527397928,29.701015754238956,30.429213986740653
-1.6138885060266366,29.504419459680424,29.24389904627189,29.795049074967825
-1.6008683498067589,28.612689255115026,28.201119087379308,28.89053850173138
-1.5878481935868813,27.531692526420148,27.214029173680107,27.75967489400701
-1.5748280373670032,27.19470027430081,26.578987694001224,27.6445224457119
-1.5618253344396458,27.737175459384954,26.669715552636372,28.275311518338572
-1.548805178219768,28.395537825464007,27.21507280470938,29.117459770624226
-1.5357850219998903,28.833209616616628,27.328066441467005,29.916949620947765
-1.5227823190725325,29.36281541200235,28.093559619044765,30.646891770399733
-1.5097621628526547,30.118613586706086,28.65690189642639,31.61251902561197
-1.4967420066327772,31.180399729716225,30.324735862880868,32.14995198469932
-1.4837218504128997,31.6527911399328,31.081708660927223,32.358876546034615
-1.4707191474855417,31.709865517490666,31.354800346960985,32.17806564752334
-1.457698991265664,32.12622996702329,31.723428215750257,32.66192490677661
-1.4446788350457862,33.09563144380217,32.80076023101186,33.48573868390057
-1.4316761321184284,34.017125538022874,33.497384257044224,34.52414051734212
-1.4186559758985509,34.31110794380441,33.864761177006066,34.70287870421714
-1.4056358196786727,34.567301608914704,33.95490769991779,35.1294017206855
-1.3926156634587954,34.53490575680916,34.02883006973513,35.036367777921974
-1.3796129605314378,34.83824614011636,34.28230338829341,35.38753388088727
-1.3665928043115598,34.35002982541467,34.00664134355814,34.687695130872136
-1.3535726480916823,34.79300338645479,34.400072397712556,35.19558107647976
-1.3405699451643245,34.75747432583149,34.379490392307524,35.20566694506729
-1.327549788944447,34.7319485579986,34.36900576366218,35.164755908667935
-1.314529632724569,34.45420001219344,33.89930738299845,35.08104075151277
-1.3015094765046913,34.464583555887636,33.910098147151615,35.04462269857745
-1.2885067735773341,34.96191729902202,34.005069665295586,35.94373096142816
-1.275486617357456,34.653541167730594,33.62259056672445,35.74695313747253
-1.2624664611375784,34.15330405558702,32.58425667208896,35.797846991936375
-1.2494637582102206,33.58453120345329,32.02811595684114,35.1573240022968
-1.2364436019903429,33.36884053348482,32.077547682755615,34.610085757518696
-1.2234234457704651,33.01202254408967,31.656792725849773,34.36186013518145
-1.2104032895505874,32.37991416136753,30.562664335793887,34.272251858258734
-1.1974005866232298,31.53286402438765,29.29819220296784,33.865512195473286
-1.184380430403352,30.22786367541134,27.93278791193706,32.3961018552192
-1.171360274183474,28.56716810294571,26.105230093423017,30.707121721335913
-1.1583575712561165,27.912377923037145,24.741088607058757,30.2714440588266
-1.145337415036239,27.492406849319664,24.97782576881295,29.382058305739292
-1.132317258816361,27.966026429298605,26.332081269121968,29.072055567822844
-1.1192971025964835,27.675547659514866,26.988563982000198,28.428405160712146
-1.1062943996691257,28.39137188727068,27.622805722804387,29.175556218945427
-1.093274243449248,28.972750389043302,27.995006213419412,30.02477406596131
-1.0802540872293702,30.48623960026241,29.44990816898078,31.501709819416703
-1.0672513843020126,32.00791199131998,30.390835268335533,33.80757097442034
-1.0542312280821347,33.31062573494681,31.9198003065235,34.902143196585996
-1.0412110718622571,33.892878929890266,32.50408378428144,35.48226459457427
-1.0281909156423796,34.599088383211495,33.56698684913892,35.64674228590507
-1.0151882127150216,35.41848379603482,34.46744469477543,36.38827209697404
-1.002168056495144,36.06923945750941,35.48439483752238,36.6256789694342
-0.9891479002752662,36.392511918677314,36.18093363920915,36.58497630149713
-0.9761451973479086,36.34249665167623,35.903962821885905,36.76581468477152
-0.9631250411280309,36.75670469153687,36.09767671535149,37.42282759873424
-0.950104884908153,36.97909406012477,36.200326668337965,37.76829062571553
-0.9370847286882754,37.42605536161985,36.8431010529417,38.014662915245644
-0.9240820257609179,37.76967974836574,37.52371602680379,38.022680195724696
-0.9110618695410401,37.79565217947716,37.54185962237337,38.06836119748177
-0.8980417133211621,38.12721916753815,37.80824429655818,38.44715623850558
-0.8850390103938046,37.719141225276275,37.41134377731069,38.026590642518734
-0.8720188541739268,37.533944384624384,37.03217474246498,38.02015201816497
-0.8589986979540492,36.85127676472815,36.507076312415556,37.195550467179544
-0.8459785417341714,37.07554093214421,36.536627698594714,37.60974664100494
-0.8329758388068138,37.030678091353785,36.819743130482884,37.236153619569876
-0.8199556825869359,36.958512510496014,36.36872781720823,37.55214367222251
-0.8069355263670582,36.584779961319576,36.01500015266638,37.16744818144895
-0.7939328234397005,36.174056385825075,34.739814449337466,37.45527410092465
-0.7809126672198229,36.05625751540707,34.597298167776614,37.362559582364916
-0.7678925109999452,35.936103531945065,34.4064692887107,37.35842328573772
-0.7548723547800676,36.096302503576936,35.11141948419799,37.11637184638078
-0.7418696518527098,36.2146073176371,35.40253663035749,37.05788531638333
-0.728849495632832,36.104474016515766,35.35817626368052,36.80567079219279
-0.7158293394129543,35.99093771051023,35.392443400246385,36.60166462120349
-0.7028266364855965,35.59342429984574,35.144187970787804,36.04498994734877
-0.6898064802657189,35.63758831603149,35.21154367783469,36.09259335171864
-0.6767863240458412,35.495309227792546,34.91124111681136,36.10135693631056
-0.6637661678259634,35.336787114411955,34.68074768295558,36.00786128388538
-0.6507634648986057,35.08285524837017,34.43778749214561,35.75992342802437
-0.637743308678728,34.57131020065655,34.205282530475344,34.94468468358878
-0.6247231524588505,34.825130598871795,34.28752157733767,35.38923444516411
-0.6117204495314925,34.993039870782184,34.395333317110904,35.5794208358493
-0.5987002933116149,35.141715511323696,34.109211683168716,36.17376368273653
-0.585680137091737,35.07195986715499,34.08832116198431,36.06308502045931
-0.5726599808718594,35.18469151919155,33.941415651578666,36.36713057394692
-0.5596572779445017,35.20792349073242,34.14290237552749,36.19213194408903
-0.546637121724624,34.777031245388294,33.29974849917949,36.17402119648406
-0.5336169655047464,34.24909917153493,32.92819675211455,35.58649176320154
-0.5206142625773886,34.823034413041036,33.37741620046143,36.261093570653195
-0.5075941063575108,35.27862989863007,33.87795818392863,36.67144167951532
-0.4945739501376331,35.43838575320465,33.875949190937654,36.94326238432894
-0.4815537939177555,35.41086391634292,33.743985465118705,37.03617020566461
-0.46855109099039766,35.58834025063905,34.25137221174844,36.85252031963927
-0.45553093477052004,36.22045899398583,35.088074180645215,37.264511055522746
-0.44251077855064225,36.11306057224694,35.2449251393251,36.90849518947551
-0.42950807562328464,36.87854759011929,35.98861484623225,37.64644460494226
-0.4164879194034069,36.30345530608939,35.23043004102472,37.359671828000366
-0.4034677631835291,36.30386793413991,35.09646584563421,37.49446127949194
-0.39044760696365144,35.53571580908769,34.466490722552415,36.65252808071188
-0.3774449040362937,35.50309746936673,34.66265341926688,36.33822491894498
-0.364424747816416,35.112718316306335,34.6881265707614,35.53189396830588
-0.3514045915965383,35.19645459660439,34.92237105758668,35.46512204207669
-0.33840188866918053,34.919208685588075,34.314482132070474,35.48426858633844
-0.32538173244930285,35.024651858296,34.020281691997354,35.98945486485113
-0.31236157622942523,34.60290417362581,33.220293587716505,35.925087412748354
-0.29934142000954744,34.7827976763218,33.63329814336743,35.88852065198617
-0.28633871708218966,34.8934007279202,33.946235026244544,35.79678987230594
-0.273318560862312,35.202267892895364,34.41743124324747,35.97065902064683
-0.2602984046424343,35.036477039311315,33.70066180484256,36.15043251615361
-0.24729570171507656,34.97978400608377,33.531530441695764,36.19876969347015
-0.23427554549519883,34.82257665088022,33.026203860047445,36.39781604990412
-0.22125538927532112,35.08537030639767,33.56589878399924,36.58371016201915
-0.20823523305544345,35.47126825259721,33.73661971879327,37.16713047589644
-0.1952325301280857,35.71178538395298,33.95300120408179,37.386077448807185
-0.182212373908208,36.19535671741053,34.861161492541584,37.46933352856828
-0.16919221768833032,36.45546411526839,35.380978647056025,37.52730713634841
-0.15618951476097256,36.61375030096459,35.785742385153924,37.46090476198205
-0.14316935854109483,36.41321610505492,35.64708475420638,37.21048388659386
-0.13014920232121718,36.47343759797089,35.91794163639114,37.02755678676507
-0.11712904610133947,36.88566365223148,36.40463487407654,37.374627136231005
-0.1041263431739817,37.23777161546992,36.28739849136054,38.18814473957931
-0.091106186954104,37.05973257833426,36.15173087948036,37.9683819654729
-0.0780860307342263,36.398438377639756,35.76344549953913,37.035142507398085
-0.06508332780686854,36.58883380075425,36.3386486351474,36.845324923098275
-0.05206317158699085,36.266122535056525,35.76682979320094,36.7842089968759
-0.03904301536711315,36.70314291591751,36.097967169942415,37.315371025454105
-0.026022859147235452,36.626636824798716,36.21382629390474,37.04190501417471
-0.013020156219877697,37.00200221380248,36.30302737589575,37.638025607514145
0.0,37.211696994089515,36.51998390002306,37.854522802670495
0.013020156219877697,37.046315835033404,36.211767563249886,37.80806889200266
0.026022859147235452,36.92115809826057,36.31684746036678,37.56867431317591
0.03904301536711315,37.04595873353295,36.300582076069375,37.831154602337925
0.05206317158699085,37.29581825802598,36.657732631121,38.00041229832528
0.06508332780686854,37.728869711771104,37.37576943985698,38.08475125640939
0.0780860307342263,37.92382317547878,37.74642864669219,38.098875756274616
0.091106186954104,38.02856964447116,37.66867340713285,38.388675789240125
0.1041263431739817,38.22850546070017,37.8603010860922,38.595896365040545
0.11712904610133947,38.307080643972284,38.010637888750395,38.6105889969974
0.13014920232121718,38.53256047301708,38.11885160996963,38.956000004812516
0.14316935854109483,38.21942664911377,37.73939016557653,38.702482457231646
0.15618951476097256,37.88048045552654,37.34053303735447,38.41385299733323
0.16919221768833032,37.49950893659752,37.08274857730821,37.9068849351363
0.182212373908208,37.562641718723086,37.20409263796017,37.920762497859464
0.1952325301280857,37.57631720398854,37.075792043434745,38.08905029528759
0.20823523305544345,37.344738370951745,36.80716008745522,37.86554630612156
0.22125538927532112,36.79349598185261,36.19206073743283,37.3715142174246
0.23427554549519883,36.212174464953925,35.431829480897484,36.9037870228538
0.24729570171507656,36.0086267489463,35.0876491587362,36.83677411793771
0.2602984046424343,36.079873109822266,35.04450717144923,37.01152556904796
0.273318560862312,36.20287750647993,35.26097257640844,37.12544509296091
0.28633871708218966,36.38931802574057,35.147953080536915,37.507826692089886
0.29934142000954744,36.559862220844046,35.46766447816549,37.56134285269033
0.31236157622942523,37.05792643142344,35.97924964811062,38.00628270677793
0.32538173244930285,37.73816557965205,37.33566187166134,38.14280968759371
0.33840188866918053,38.002922507590654,37.5148636548399,38.50552684413256
0.3514045915965383,38.23766479640609,37.94174563826011,38.57191278516388
0.364424747816416,37.89875284450439,37.53692177823416,38.3039828881653
0.3774449040362937,38.13740165896623,37.917040483255924,38.37292614139631
0.39044760696365144,38.22729974966116,37.97887440488811,38.485400227026695
0.4034677631835291,38.487587225941,38.31557577550515,38.66379064609446
0.4164879194034069,38.583161639662414,38.32800215531572,38.85091200601078
0.42950807562328464,38.7595323424646,38.331533280282024,39.17534492376401
0.44251077855064225,38.860139624130404,38.30125508729656,39.412900755973304
0.45553093477052004,38.917881164164974,38.255580129399064,39.576150017665704
0.46855109099039766,38.440906621371106,37.94068225184836,38.95832579991639
0.4815537939177555,38.21541402420862,37.74411629539072,38.69976693341554
0.4945739501376331,38.18867514917517,37.79833868098442,38.581576661745025
0.5075941063575108,38.06592742548914,37.67906512656701,38.459082915614886
0.5206142625773886,38.13751764311775,37.565912188757856,38.693523912636245
0.5336169655047464,37.90868241997136,37.107807576462555,38.721505067001715
0.546637121724624,37.7932109208944,37.027611805005584,38.57290860808944
0.5596572779445017,37.72274604739369,37.191898370778034,38.296475375960746
0.5726599808718594,37.79807115437564,37.26132863189837,38.34148153818952
0.585680137091737,38.12179525933413,37.63084124226126,38.6171277124734
0.5987002933116149,38.056867490911934,37.60740732792253,38.50193357506993
0.6117204495314925,37.57182241286094,37.163495067297625,37.96904758293265
0.6247231524588505,37.26657751200124,36.540088621295915,37.99694384891989
0.637743308678728,36.72306853044284,35.855254602173495,37.59785690789745
0.6507634648986057,36.773634120145445,36.227865234364266,37.34173264367479
0.6637661678259634,36.820146638595695,36.57521617744464,37.068837626450964
0.6767863240458412,37.328055686769034,37.16002845029927,37.486094724228366
0.6898064802657189,37.75342531593783,37.28164418869267,38.247299188778776
0.7028266364855965,37.85562205872204,37.32001574665984,38.41332111638007
0.7158293394129543,37.62425614800761,36.95902951121558,38.331929360018705
0.728849495632832,37.43550089935445,36.87616577867296,38.015155871464565
0.7418696518527098,37.56556645904788,36.91241866166036,38.24505241929846
0.7548723547800676,37.70769669665372,36.91069233389906,38.53823205053985
0.7678925109999452,37.62678909187133,36.5677023955053,38.709472268902296
0.7809126672198229,37.80294403173238,36.619178350569655,39.01334714440881
0.7939328234397005,37.83066204627383,36.97294944774802,38.69618950210859
0.8069355263670582,37.62094233510134,37.036980513803684,38.227105303378224
0.8199556825869359,37.174641409504694,36.863327634905176,37.50150637872493
0.8329758388068138,37.018921825348734,36.290626789815896,37.764012460476515
0.8459785417341714,36.82722447157918,36.24941015860816,37.40657806963792
0.8589986979540492,36.47463858818147,35.805322868401305,37.13855373279788
0.8720188541739268,36.17075023196035,35.94052571988894,36.39565710436068
0.8850390103938046,36.02177133062386,35.65562760419925,36.375255048999804
0.8980417133211621,36.09965946253423,35.48804558079838,36.736663368781485
0.9110618695410401,35.90039193480595,34.71520002983976,37.097472826967
0.9240820257609179,35.58629085921192,34.202531926407744,36.99015117242546
0.9370847286882754,35.07378752199935,34.05312610561119,36.09556198708707
0.950104884908153,34.59120559157665,34.05885437500097,35.14252136760657
0.9631250411280309,34.842281603832895,34.29449338598772,35.3212015887203
0.9761451973479086,34.91659932146788,34.27244760227996,35.46498439468971
0.9891479002752662,34.912082847221804,34.049541225464345,35.60533634581591
1.002168056495144,34.4359823232634,33.360736448703776,35.339897586159395
1.0151882127150216,34.04758519367001,32.54795966848222,35.286935361578564
1.0281909156423796,34.209568890928075,32.73516244841631,35.49966216634197
1.0412110718622571,34.124157042716355,32.50174354851948,35.58716086019722
1.0542312280821347,34.14428705604626,32.864729347506746,35.37185790374904
1.0672513843020126,33.79805193745812,31.980771064275046,35.556471827889645
1.0802540872293702,33.79836380195119,31.96032285041788,35.511404593308434
1.093274243449248,33.20502753289887,30.83574158488632,35.34033565566573
1.1062943996691257,32.61867237454659,29.92448770566509,35.07887921818241
1.1192971025964835,31.852385871186453,29.257262185088063,34.16070216116058
1.132317258816361,31.502175778161682,28.946794264313255,33.65100297022861
1.145337415036239,31.72849938498334,28.807440379254118,33.638948718570326
1.1583575712561165,31.526382671776165,28.274018193799133,33.72703748068857
1.171360274183474,31.174700712358298,27.521717369917194,33.454462069814134
1.184380430403352,30.27387627666425,26.34709326572546,32.387236236744656
1.1974005866232298,29.26866089400376,25.412228830164015,31.02751825531794
1.2104032895505874,28.665889652125646,25.785765766855633,29.96404665447224
1.2234234457704651,27.889022621177816,26.1839464960953,28.954906565535442
1.2364436019903429,27.410948753684384,26.552687524850967,28.160865897624763
1.2494637582102206,27.293518459011405,26.54368872034802,27.991412273733317
1.2624664611375784,27.395820891326583,26.857682060324326,28.047569927995408
1.275486617357456,27.315162533832915,26.286195794757948,28.473105649110142
1.2885067735773341,27.006845335957873,24.90075297790197,28.760003885384823
1.3015094765046913,27.25635142581876,24.27114471877306,29.35657820929788
1.314529632724569,28.13468135724234,24.287513365652966,30.297076732598246
1.327549788944447,29.045171295692978,24.555819425955253,31.439170218606986
1.3405699451643245,28.784586681384084,24.502053707235017,31.51614089592807
1.3535726480916823,29.637130469090206,23.221099803743325,31.933605202465344
1.3665928043115598,30.17102699160719,22.228321042766282,31.932457427791615
1.3796129605314378,31.748699270995328,22.585284243388344,32.716581452253735
1.3926156634587954,31.13693634351132,25.017676749726217,32.2838926311865
1.4056358196786727,30.587730859391133,26.092893518854343,32.144357285538824
1.4186559758985509,30.06217228628078,26.107585014381925,31.63766197926273
1.4316761321184284,30.95874083090911,26.12594269367504,32.23749071540174
1.4446788350457862,31.29231133925661,27.242829521565955,32.15146141986849
1.457698991265664,31.24572903162554,27.410345918237322,32.70763369789467
1.4707191474855417,30.5842149119709,27.221243089192416,32.58296975428033
1.4837218504128997,30.334942833305107,26.729225779770776,32.57716360433573
1.4967420066327772,29.61632282431958,26.70790180580829,31.890857600884647
1.5097621628526547,29.526458355648288,26.633275525488585,32.087311098460425
1.5227823190725325,30.029544803874813,27.760820438572598,32.44394342193906
1.5357850219998903,30.934498406785167,29.239238608022628,32.59165430275178
1.548805178219768,31.08250915588198,29.884705756915377,32.29811010090639
1.5618253344396458,31.08583305234978,29.780661067277425,32.367589823361676
1.5748280373670032,30.633590868225397,29.22975736657087,32.104966442861176
1.5878481935868813,30.61651598980843,29.329065453825603,31.878979984037205
1.6008683498067589,30.38963939185868,29.469293441031,31.375997830013272
1.6138885060266366,30.772694603293456,29.799708171313046,31.77583974583635
1.6268912089539944,31.019009350302557,30.052162285296884,32.06838306363306
1.6399113651738717,31.209752484845296,30.104770212065528,32.554404334485504
1.6529315213937499,31.67249393864209,30.61622409831548,32.85936111438803
1.6659342243211073,31.92705348373364,31.103200632061885,32.81639566001162
1.678954380540985,32.09482765125881,31.454114840737642,32.63340099384114
1.691974536760863,31.823177467238082,31.306676386256242,32.36659775169009
1.7049946929807402,31.948444876987992,31.478503811938406,32.46413178038239
1.7179973959080983,31.79879459651211,31.342153677152208,32.36869154759686
1.7310175521279763,32.26516858294249,32.04074280714903,32.54382678562265
1.7440377083478535,32.69575170160505,32.48005866412188,32.970072803777505
1.7570404112752116,33.24980804224911,32.97773261195679,33.42718262602855
1.770060567495089,33.26871832855449,32.55280318120549,33.889932629390636
1.7830807237149668,32.80755235724465,31.76524268325154,33.82044009005375
1.7961008799348446,32.85602410717011,31.89246399445948,33.87403472009789
1.8091035828622022,32.95774412434199,32.410389132320255,33.56603158704065
1.8221237390820801,33.160072865360554,32.74197675422179,33.567334179806004
1.8351438953019577,32.90378142714588,32.49479651042734,33.344352555166076
1.8481465982293155,32.66073713513337,32.13979845233951,33.20310089806579
1.8611667544491932,32.075695123111956,31.363307388280884,32.7482920024057
1.8741869106690707,31.650082085268995,31.041601306728214,32.185805978985215
1.8872070668889487,30.825050690006538,30.367201450965,31.213822204926814
1.900209769816306,31.028817039179284,30.694500479836474,31.35365475359249
1.913229926036184,31.21124670241292,30.092328252474374,32.26326106157945
1.9262500822560618,31.351449017092516,29.49080520488368,33.12752351444353
1.9392527851834194,31.090774448386835,28.899685451407084,33.20379581371572
1.9522729414032973,31.003435438172218,29.392242996568157,32.590635580677784
1.9652930976231746,31.271143824397843,30.054764240703594,32.472931415134276
1.9783132538430526,31.596256901800782,30.534449499914615,32.64347231072916
1.9913159567704102,31.537258593550405,30.739912212355677,32.326340056800035
2.004336112990288,31.961488693221998,31.333608802846033,32.62490059617331
2.0173562692101656,32.21979573642119,31.93320656548703,32.55729591681841
2.0303589721375235,32.759572938527334,32.45441189092838,33.11517242400584
2.043379128357401,32.79129624568531,32.28942127049527,33.35086324509015
2.056399284577279,33.42255519379314,33.01326026577195,33.87493611996424
2.0694194407971565,33.99804481144244,33.257011413944575,34.80272743444433
2.0824221437245143,34.74794327375012,34.35371958552191,35.16224303768039
2.0954422999443922,35.05940595851773,34.58082596773947,35.568038160509815
2.1084624561642693,35.298289969738214,35.11859659005083,35.49879487705291
2.1214651590916276,35.25271826306008,35.050199822972004,35.47203679675268
2.134485315311505,34.9915058960586,34.85169842381482,35.13277457235348
2.1475054715313826,34.85957992729435,34.349955361442646,35.43224720361348
2.1605256277512606,34.755407463043774,34.18909679522608,35.38955982624304
2.1735283306786184,34.77797420670257,34.16926471312792,35.53069730928954
2.186548486898496,34.50563980798008,34.26109287102336,34.82691779316207
2.1995686431183734,33.90754091411636,33.62235645911151,34.34604832336794
2.2125713460457312,32.9759799692788,32.72872994260677,33.318255549842085
2.225591502265609,32.35097813366425,32.15177109713003,32.64484924744439
2.2386116584854867,31.700417546500706,31.58905116850291,31.822180159431127
2.251631814705364,31.289662904811053,31.154486332635685,31.398620212556484
2.264634517632722,30.115024146492903,29.93654826193843,30.240155523730554
2.2776546738526,29.691551496096206,29.555278000601827,29.799826334581923
2.290674830072478,29.521912775139494,29.446273670945004,29.5915219709899
2.303677532999836,29.879811915505567,29.52584994679385,30.225793954032913
2.3166976892197133,30.246109085647948,29.85311600258092,30.623458388344584
2.329717845439591,30.782679281306457,30.259233627181384,31.323563419728703
2.3427380016594683,31.680352068918896,31.241422651099644,32.21194666125209
2.355740704586826,33.00578756492124,32.24120613713411,33.7970740002204
2.368760860806704,33.74116883293943,32.86029431215369,34.58483528001755
2.3817810170265816,34.217321135488646,33.43778707896655,34.89372600671495
2.39478371995394,33.86280528453904,33.2210858632566,34.45734962369733
2.407803876173817,33.626281690181564,32.738958523151304,34.415837966304984
2.420824032393695,33.42009446553562,32.143087248635254,34.520558872319675
2.433844188613572,33.24470281310379,31.932475261756085,34.38038755433521
2.4468468915409303,33.07936978951247,31.652372760557927,34.27502624979752
2.459867047760808,32.624902817255936,31.43136881767275,33.67221732920763
2.4728872039806857,31.913371402017294,30.535420403444366,33.029058978824516
2.485889906908044,30.7980979607769,29.521549776891934,31.852808072420643
2.498910063127922,30.10877470791637,28.586372006740902,31.33142603692181
2.5119302193477986,28.486883977834623,27.035545079733765,29.71083633418166
2.524950375567676,27.25302672848233,26.252463420637522,28.113477391491596
2.537953078495034,26.337732619028596,25.677236859087028,26.97439252830254
2.550973234714912,27.167303719898953,26.641150882545144,27.750266811856676
2.56399339093479,28.842740759287096,28.129308188344737,29.62888085711782
2.5769960938621477,30.578002358258654,29.991860304104275,31.20909612233926
2.590016250082026,32.0443615772874,31.30444292906208,32.81289221413271
2.6030364063019027,33.432753067614335,32.250125276704786,34.523097428813976
2.616056562521781,34.38034773622923,32.30874979808982,36.311512388179075
2.629059265449138,35.371870996159195,33.32022092732698,37.28209038533644
2.642079421669016,35.757360244222845,34.038075092143686,37.43309969182485
2.655099577888894,35.982580097896886,34.85563576321484,37.07242918082721
2.668102280816252,36.261697070496005,35.110818394113146,37.355850608345214
2.68112243703613,36.12658169855121,34.56933215094682,37.778801338798836
2.694142593256007,36.14837657750254,34.26449254748314,38.24307390687091
2.7071627494758848,35.700483021040895,33.478571133770494,37.90844567395255
2.7201654524032413,35.23547917249568,33.130463073758904,37.19184713465117
2.7331856086231197,34.85351645490215,32.778737763781834,36.703532612314746
2.746205764842998,34.553994124812384,32.58944475902246,36.65119979250873
2.759208467770356,34.26823038548386,32.08187492331029,36.587242149563814
2.7722286239902343,32.666512213548344,30.20199815458193,35.5233133096745
